Ontology ID	Type	Obsolete	Replacement Term	Label	Comment
ID	TYPE	AT owl:deprecated^^xsd:boolean	AI IAO:0100001	A rdfs:label	A rdfs:comment
http://purl.obolibrary.org/obo/OBA_0000037	owl:Class	true	http://purl.obolibrary.org/obo/PATO_0000276	obsolete brood size	
http://purl.obolibrary.org/obo/OBA_0000039	owl:Class	true	http://purl.obolibrary.org/obo/PATO_0001420	obsolete buoyancy	
http://purl.obolibrary.org/obo/OBA_0000050	owl:Class	true	http://purl.obolibrary.org/obo/OBA_0000058	obsolete cell pH	
http://purl.obolibrary.org/obo/OBA_0000074	owl:Class	true	http://purl.obolibrary.org/obo/OBA_1001087	obsolete heart contraction rate	
http://purl.obolibrary.org/obo/OBA_0000121	owl:Class	true	http://purl.obolibrary.org/obo/PATO_0001842	obsolete pH	
http://purl.obolibrary.org/obo/OBA_0003746	owl:Class	true	http://purl.obolibrary.org/obo/OBA_VT0002845	obsolete aorta mass	
http://purl.obolibrary.org/obo/OBA_0003813	owl:Class	true	http://purl.obolibrary.org/obo/OBA_0002401	obsolete muscle organ weight	
http://purl.obolibrary.org/obo/OBA_0003898	owl:Class	true	http://purl.obolibrary.org/obo/OBA_VT1000111	obsolete bone element mass	
http://purl.obolibrary.org/obo/OBA_0003943	owl:Class	true	http://purl.obolibrary.org/obo/OBA_VT0004272	obsolete basement membrane morphology	
http://purl.obolibrary.org/obo/OBA_0004074	owl:Class	true	http://purl.obolibrary.org/obo/OBA_VT1000712	obsolete skeletal muscle tissue mass	
http://purl.obolibrary.org/obo/OBA_0004079	owl:Class	true	http://purl.obolibrary.org/obo/OBA_VT1000644	obsolete testis weight	
http://purl.obolibrary.org/obo/OBA_0004086	owl:Class	true	http://purl.obolibrary.org/obo/OBA_VT0010611	obsolete uterus weight	
http://purl.obolibrary.org/obo/OBA_0004087	owl:Class	true	http://purl.obolibrary.org/obo/OBA_VT0010524	obsolete seminal vesicle weight	
http://purl.obolibrary.org/obo/OBA_0004095	owl:Class	true	http://purl.obolibrary.org/obo/OBA_VT0010019	obsolete epididymis weight	
http://purl.obolibrary.org/obo/OBA_0004101	owl:Class	true	http://purl.obolibrary.org/obo/OBA_VT0010466	obsolete prostate gland weight	
http://purl.obolibrary.org/obo/OBA_0004543	owl:Class	true	http://purl.obolibrary.org/obo/OBA_VT0010496	obsolete pituitary gland weight	
http://purl.obolibrary.org/obo/OBA_0004614	owl:Class	true	http://purl.obolibrary.org/obo/OBA_VT0010144	obsolete pancreas weight	
http://purl.obolibrary.org/obo/OBA_0004680	owl:Class	true	http://purl.obolibrary.org/obo/OBA_VT0010423	obsolete gonadal fat pad weight	
http://purl.obolibrary.org/obo/OBA_0004681	owl:Class	true	http://purl.obolibrary.org/obo/OBA_VT0010421	obsolete epididymal fat pad weight	
http://purl.obolibrary.org/obo/OBA_0004682	owl:Class	true	http://purl.obolibrary.org/obo/OBA_VT0010424	obsolete inguinal fat pad weight	
http://purl.obolibrary.org/obo/OBA_0004683	owl:Class	true	http://purl.obolibrary.org/obo/OBA_VT0010428	obsolete parametrial fat pad weight	
http://purl.obolibrary.org/obo/OBA_0004684	owl:Class	true	http://purl.obolibrary.org/obo/OBA_VT0010430	obsolete retroperitoneal fat pad weight	
http://purl.obolibrary.org/obo/OBA_0005707	owl:Class	true	http://purl.obolibrary.org/obo/OBA_VT0010420	obsolete adrenal gland weight	
http://purl.obolibrary.org/obo/OBA_0005767	owl:Class	true	http://purl.obolibrary.org/obo/OBA_0005766	obsolete cilium morphology	
http://purl.obolibrary.org/obo/OBA_0005773	owl:Class	true	http://purl.obolibrary.org/obo/OBA_0005771	obsolete cilium functionality	
http://purl.obolibrary.org/obo/OBA_1000242	owl:Class	true	http://purl.obolibrary.org/obo/OBA_VT0005388	obsolete respiratory system quality	
http://purl.obolibrary.org/obo/OBA_1000441	owl:Class	true	http://purl.obolibrary.org/obo/OBA_VT0005389	obsolete reproductive system quality	
http://purl.obolibrary.org/obo/OBA_1000584	owl:Class	true	http://purl.obolibrary.org/obo/OBA_VT1000781	obsolete nervous system quality	
http://purl.obolibrary.org/obo/OBA_1000791	owl:Class	true	http://purl.obolibrary.org/obo/OBA_VT0002068	obsolete parental behavior quality	
http://purl.obolibrary.org/obo/OBA_1000803	owl:Class	true	http://purl.obolibrary.org/obo/OBA_VT0001440	obsolete grooming behavior quality	
http://purl.obolibrary.org/obo/OBA_1000870	owl:Class	true	http://purl.obolibrary.org/obo/OBA_VT0001529	obsolete vocalization behavior quality	
http://purl.obolibrary.org/obo/OBA_1000873	owl:Class	true	http://purl.obolibrary.org/obo/OBA_1000236	obsolete glial cell (sensu Vertebrata) quality	
http://purl.obolibrary.org/obo/OBA_1001016	owl:Class	true	http://purl.obolibrary.org/obo/OBA_VT0010120	obsolete protein amount	
http://purl.obolibrary.org/obo/OBA_1001018	owl:Class	true	http://purl.obolibrary.org/obo/OBA_VT0001259	obsolete multicellular organism mass	
http://purl.obolibrary.org/obo/OBA_1001019	owl:Class	true	http://purl.obolibrary.org/obo/OBA_0004552	obsolete vagina mass	
http://purl.obolibrary.org/obo/OBA_1001020	owl:Class	true	http://purl.obolibrary.org/obo/OBA_VT0007028	obsolete heart mass	
http://purl.obolibrary.org/obo/OBA_1001021	owl:Class	true	http://purl.obolibrary.org/obo/OBA_0004981	obsolete omental fat pad mass	
http://purl.obolibrary.org/obo/OBA_1001022	owl:Class	true	http://purl.obolibrary.org/obo/OBA_0004726	obsolete late embryo mass	
http://purl.obolibrary.org/obo/OBA_1001023	owl:Class	true	http://purl.obolibrary.org/obo/OBA_0004721	obsolete extensor digitorum longus mass	
http://purl.obolibrary.org/obo/OBA_1001024	owl:Class	true	http://purl.obolibrary.org/obo/OBA_VT0005629	obsolete lung mass	
http://purl.obolibrary.org/obo/OBA_1001025	owl:Class	true	http://purl.obolibrary.org/obo/OBA_VT0002707	obsolete kidney mass	
http://purl.obolibrary.org/obo/OBA_1001026	owl:Class	true	http://purl.obolibrary.org/obo/OBA_VT0007027	obsolete right cardiac atrium mass	
http://purl.obolibrary.org/obo/OBA_1001027	owl:Class	true	http://purl.obolibrary.org/obo/OBA_0004722	obsolete soleus muscle mass	
http://purl.obolibrary.org/obo/OBA_1001028	owl:Class	true	http://purl.obolibrary.org/obo/OBA_VT1000641	obsolete ovary mass	
http://purl.obolibrary.org/obo/OBA_1001029	owl:Class	true	http://purl.obolibrary.org/obo/OBA_VT0002176	obsolete brain mass	
http://purl.obolibrary.org/obo/OBA_1001030	owl:Class	true	http://purl.obolibrary.org/obo/OBA_0004528	obsolete fat pad mass	
http://purl.obolibrary.org/obo/OBA_1001031	owl:Class	true	http://purl.obolibrary.org/obo/OBA_VT0004257	obsolete placenta mass	
http://purl.obolibrary.org/obo/OBA_1001032	owl:Class	true	http://purl.obolibrary.org/obo/OBA_VT0004951	obsolete spleen mass	
http://purl.obolibrary.org/obo/OBA_1001033	owl:Class	true	http://purl.obolibrary.org/obo/OBA_0004725	obsolete embryo mass	
http://purl.obolibrary.org/obo/OBA_1001034	owl:Class	true	http://purl.obolibrary.org/obo/OBA_0004720	obsolete gastrocnemius mass	
http://purl.obolibrary.org/obo/OBA_1001035	owl:Class	true	http://purl.obolibrary.org/obo/OBA_VT0007033	obsolete heart right ventricle mass	
http://purl.obolibrary.org/obo/OBA_1001036	owl:Class	true	http://purl.obolibrary.org/obo/OBA_VT1000711	obsolete abdominal fat pad mass	
http://purl.obolibrary.org/obo/OBA_1001037	owl:Class	true	http://purl.obolibrary.org/obo/OBA_0005027	obsolete quadriceps femoris mass	
http://purl.obolibrary.org/obo/OBA_1001038	owl:Class	true	http://purl.obolibrary.org/obo/OBA_0005562	obsolete urinary bladder mass	
http://purl.obolibrary.org/obo/OBA_1001039	owl:Class	true	http://purl.obolibrary.org/obo/OBA_VT0003402	obsolete liver mass	
http://purl.obolibrary.org/obo/OBA_1001040	owl:Class	true	http://purl.obolibrary.org/obo/OBA_VT0004954	obsolete thymus mass	
http://purl.obolibrary.org/obo/OBA_1001041	owl:Class	true	http://purl.obolibrary.org/obo/OBA_VT0007026	obsolete left cardiac atrium mass	
http://purl.obolibrary.org/obo/OBA_1001042	owl:Class	true	http://purl.obolibrary.org/obo/OBA_0004724	obsolete tongue mass	
http://purl.obolibrary.org/obo/OBA_1001043	owl:Class	true	http://purl.obolibrary.org/obo/OBA_0004598	obsolete fallopian tube mass	
http://purl.obolibrary.org/obo/OBA_1001044	owl:Class	true	http://purl.obolibrary.org/obo/OBA_VT0007031	obsolete heart left ventricle mass	
http://purl.obolibrary.org/obo/OBA_VT0004271	owl:Class	true	http://purl.obolibrary.org/obo/OBA_VT0000572	obsolete paw/hand/foot/hoof morphology trait	
http://purl.obolibrary.org/obo/OBA_1000815	owl:Class	true		obsolete subarachnoid space development quality	Reason for obsoletion: [This term was obsoleted because it does not represent a real process. While subarachnoid space is a valid anatomical structure, it is formed by the development of the structures that surround it.](https://www.ebi.ac.uk/QuickGO/term/GO:1903374)
http://purl.obolibrary.org/obo/OBA_0002145	owl:Class	true	http://purl.obolibrary.org/obo/OBA_VT0010464	obsolete multicellular organism fertility	
http://purl.obolibrary.org/obo/OBA_0005187	owl:Class	true	http://purl.obolibrary.org/obo/OBA_0003653	obsolete life span deviation (from_normal)	
http://purl.obolibrary.org/obo/OBA_0005515	owl:Class	true	http://purl.obolibrary.org/obo/OBA_0005230	obsolete bronchioalveolar stem cells amount	
http://purl.obolibrary.org/obo/OBA_1000846	owl:Class	true		obsolete gas homeostasis quality	Reason for obsoletion: gas homeostasis (GO:0033483) considered an unnecessary grouping by GO curators.
http://purl.obolibrary.org/obo/OBA_VT0000187	owl:Class	true	http://purl.obolibrary.org/obo/OBA_2040183	obsolete triglyceride amount	Reason for obsoletion: this term is a too generic of a category that goes beyond the realm of biological attributes. For example, the obsolete term could be applied to chemicals in environmental samples which is beyond the scope of OBA.
http://purl.obolibrary.org/obo/OBA_1000951	owl:Class	true	http://purl.obolibrary.org/obo/OBA_2040177	obsolete ceramide amount	Reason for obsoletion: this term is a too generic of a category that goes beyond the realm of biological attributes. For example, the obsolete term could be applied to chemicals in environmental samples which is beyond the scope of OBA.
http://purl.obolibrary.org/obo/OBA_1001014	owl:Class	true	http://purl.obolibrary.org/obo/OBA_2040182	obsolete sphingomyelin amount	Reason for obsoletion: this term is a too generic of a category that goes beyond the realm of biological attributes. For example, the obsolete term could be applied to chemicals in environmental samples which is beyond the scope of OBA.
http://purl.obolibrary.org/obo/OBA_VT0003952	owl:Class	true	http://purl.obolibrary.org/obo/OBA_1000943	obsolete copper amount	Reason for obsoletion: this term is a too generic of a category that goes beyond the realm of biological attributes. For example, the obsolete term could be applied to chemicals in environmental samples which is beyond the scope of OBA.
http://purl.obolibrary.org/obo/OBA_2050081	owl:Class	true	http://purl.obolibrary.org/obo/OBA_2045319	obsolete serum gamma-glutamyl transferase amount	Reason for obsoletion: a term with the same intended meaning already exists.
http://purl.obolibrary.org/obo/OBA_VT0002918	owl:Class	true		obsolete paired-pulse facilitation trait	Reason for obsoletion: the label 'paired-pulse facilitation trait' of OBA:VT0002918 and the definition of the matching term http://purl.obolibrary.org/obo/VT_0002918 do not agree with the logical definition in OBA. No appropriate GO process term exists to correct the logical definition at the time of the term obsoletion.
http://purl.obolibrary.org/obo/OBA_2058599	owl:Class	true	http://purl.obolibrary.org/obo/OBA_2080015	obsolete amount of putative T-complex protein 10A homolog (human) in cerebrospinal fluid	Reason for obsoletion: The protein term 'putative T-complex protein 10A homolog (human)' [PR:Q12799] has been obsoleted with no suggested replacement. The most suitable protein replacement term is [PR:Q8TDR4] and is the entity in existing OBA term 'level of T-complex protein 10A homolog 1 (human) in cerebrospinal fluid' [OBA:2080015].
http://purl.obolibrary.org/obo/OBA_1000220	owl:Class	true		obsolete serine family amino acid metabolic process quality	Reason for obsoletion: serine family amino acid metabolic process [GO:0009069] has been obsoleted by GO curators and considered 'an unnecessary grouping term', see https://github.com/geneontology/go-announcements/issues/923.
http://purl.obolibrary.org/obo/OBA_1000596	owl:Class	true		obsolete aspartate family amino acid metabolic process quality	Reason for obsoletion: aspartate family amino acid metabolic process [GO:0009066] has been obsoleted by GO curators and considered 'an unnecessary grouping term', see https://github.com/geneontology/go-announcements/issues/923.
http://purl.obolibrary.org/obo/OBA_1000294	owl:Class	true		obsolete glycosylation quality	Reason for obsoletion: glycosylation [GO:0070085]  has been obsoleted by GO curators as it 'represents a molecular function'.
http://purl.obolibrary.org/obo/OBA_2060174	owl:Class	true	http://purl.obolibrary.org/obo/OBA_VT0001560	obsolete amount of insulin in blood	Reason for obsoletion: duplicate of OBA:VT0001560 (blood insulin amount), see https://github.com/obophenotype/bio-attribute-ontology/issues/454.
http://purl.obolibrary.org/obo/OBA_2060175	owl:Class	true	http://purl.obolibrary.org/obo/OBA_VT0001588	obsolete amount of hemoglobin in blood	Reason for obsoletion: duplicate of OBA:VT0001588 (blood hemoglobin amount), see https://github.com/obophenotype/bio-attribute-ontology/issues/454.
http://purl.obolibrary.org/obo/OBA_2060178	owl:Class	true	http://purl.obolibrary.org/obo/OBA_VT0000199	obsolete amount of albumin in blood	Reason for obsoletion: duplicate of OBA:VT0000199 (blood albumin amount), see https://github.com/obophenotype/bio-attribute-ontology/issues/454.
http://purl.obolibrary.org/obo/OBA_0000116	owl:Class	true	http://purl.obolibrary.org/obo/OBA_1000993	obsolete amount of neurotransmitter	Reason for obsoletion: duplicate of OBA:1000993 (neurotransmitter amount), see https://github.com/obophenotype/bio-attribute-ontology/issues/454.
http://purl.obolibrary.org/obo/OBA_1001013	owl:Class	true	http://purl.obolibrary.org/obo/OBA_VT0008752	obsolete amount of tumor necrosis factor alpha	Reason for obsoletion: duplicate of OBA:VT0008752 (tumor necrosis factor amount), see https://github.com/obophenotype/bio-attribute-ontology/issues/454.
http://purl.obolibrary.org/obo/OBA_0003556	owl:Class	true	http://purl.obolibrary.org/obo/OBA_VT0000844	obsolete pontine flexure deviation (from_normal)	Reason for obsoletion: this term was built on the obsolete PATO class 'deviation (from_normal)' (PATO:0000069), which describes an abnormality (phenotype) rather than a value-neutral trait. Replaced by the existing morphology trait for this entity. See https://github.com/obophenotype/bio-attribute-ontology/issues/456.
http://purl.obolibrary.org/obo/OBA_0003847	owl:Class	true	http://purl.obolibrary.org/obo/OBA_VT0003662	obsolete long bone epiphyseal plate proliferative zone deviation (from_normal)	Reason for obsoletion: this term was built on the obsolete PATO class 'deviation (from_normal)' (PATO:0000069), which describes an abnormality (phenotype) rather than a value-neutral trait. Replaced by the existing morphology trait for this entity. See https://github.com/obophenotype/bio-attribute-ontology/issues/456.
http://purl.obolibrary.org/obo/OBA_0003859	owl:Class	true		obsolete blood vessel remodeling deviation (from_normal)	Reason for obsoletion: this term was built on the obsolete PATO class 'deviation (from_normal)' (PATO:0000069), which describes an abnormality (phenotype) rather than a value-neutral trait. There is no suitable value-neutral replacement in OBA. See https://github.com/obophenotype/bio-attribute-ontology/issues/456.
http://purl.obolibrary.org/obo/OBA_0003862	owl:Class	true	http://purl.obolibrary.org/obo/OBA_VT0003728	obsolete photoreceptor layer of retina deviation (from_normal)	Reason for obsoletion: this term was built on the obsolete PATO class 'deviation (from_normal)' (PATO:0000069), which describes an abnormality (phenotype) rather than a value-neutral trait. Replaced by the existing morphology trait for this entity. See https://github.com/obophenotype/bio-attribute-ontology/issues/456.
http://purl.obolibrary.org/obo/OBA_0003901	owl:Class	true	http://purl.obolibrary.org/obo/OBA_VT0004032	obsolete interventricular groove deviation (from_normal)	Reason for obsoletion: this term was built on the obsolete PATO class 'deviation (from_normal)' (PATO:0000069), which describes an abnormality (phenotype) rather than a value-neutral trait. Replaced by the existing morphology trait for this entity. See https://github.com/obophenotype/bio-attribute-ontology/issues/456.
http://purl.obolibrary.org/obo/OBA_0003930	owl:Class	true	http://purl.obolibrary.org/obo/OBA_VT0004203	obsolete cephalic midbrain flexure deviation (from_normal)	Reason for obsoletion: this term was built on the obsolete PATO class 'deviation (from_normal)' (PATO:0000069), which describes an abnormality (phenotype) rather than a value-neutral trait. Replaced by the existing morphology trait for this entity. See https://github.com/obophenotype/bio-attribute-ontology/issues/456.
http://purl.obolibrary.org/obo/OBA_0003933	owl:Class	true	http://purl.obolibrary.org/obo/OBA_VT0004221	obsolete iridocorneal angle deviation (from_normal)	Reason for obsoletion: this term was built on the obsolete PATO class 'deviation (from_normal)' (PATO:0000069), which describes an abnormality (phenotype) rather than a value-neutral trait. Replaced by the existing morphology trait for this entity. See https://github.com/obophenotype/bio-attribute-ontology/issues/456.
http://purl.obolibrary.org/obo/OBA_0003995	owl:Class	true	http://purl.obolibrary.org/obo/OBA_VT0004481	obsolete epithelium of conjunctiva deviation (from_normal)	Reason for obsoletion: this term was built on the obsolete PATO class 'deviation (from_normal)' (PATO:0000069), which describes an abnormality (phenotype) rather than a value-neutral trait. Replaced by the existing morphology trait for this entity. See https://github.com/obophenotype/bio-attribute-ontology/issues/456.
http://purl.obolibrary.org/obo/OBA_0004005	owl:Class	true	http://purl.obolibrary.org/obo/OBA_VT0000430	obsolete palatine process of maxilla deviation (from_normal)	Reason for obsoletion: this term was built on the obsolete PATO class 'deviation (from_normal)' (PATO:0000069), which describes an abnormality (phenotype) rather than a value-neutral trait. Replaced by the existing morphology trait for this entity. See https://github.com/obophenotype/bio-attribute-ontology/issues/456.
http://purl.obolibrary.org/obo/OBA_0004118	owl:Class	true	http://purl.obolibrary.org/obo/OBA_VT0005020	obsolete late pro-B cell deviation (from_normal)	Reason for obsoletion: this term was built on the obsolete PATO class 'deviation (from_normal)' (PATO:0000069), which describes an abnormality (phenotype) rather than a value-neutral trait. Replaced by the existing morphology trait for this entity. See https://github.com/obophenotype/bio-attribute-ontology/issues/456.
http://purl.obolibrary.org/obo/OBA_0004133	owl:Class	true		obsolete establishment of blood-brain barrier deviation (from_normal)	Reason for obsoletion: this term was built on the obsolete PATO class 'deviation (from_normal)' (PATO:0000069), which describes an abnormality (phenotype) rather than a value-neutral trait. There is no suitable value-neutral replacement in OBA. See https://github.com/obophenotype/bio-attribute-ontology/issues/456.
http://purl.obolibrary.org/obo/OBA_0004334	owl:Class	true		obsolete habenular commissure deviation (from_normal)	Reason for obsoletion: this term was built on the obsolete PATO class 'deviation (from_normal)' (PATO:0000069), which describes an abnormality (phenotype) rather than a value-neutral trait. There is no suitable value-neutral replacement in OBA. See https://github.com/obophenotype/bio-attribute-ontology/issues/456.
http://purl.obolibrary.org/obo/OBA_0004427	owl:Class	true	http://purl.obolibrary.org/obo/OBA_VT0008473	obsolete spleen follicular dendritic cell network deviation (from_normal)	Reason for obsoletion: this term was built on the obsolete PATO class 'deviation (from_normal)' (PATO:0000069), which describes an abnormality (phenotype) rather than a value-neutral trait. Replaced by the existing morphology trait for this entity. See https://github.com/obophenotype/bio-attribute-ontology/issues/456.
http://purl.obolibrary.org/obo/OBA_0004847	owl:Class	true		obsolete mitotic spindle deviation (from_normal)	Reason for obsoletion: this term was built on the obsolete PATO class 'deviation (from_normal)' (PATO:0000069), which describes an abnormality (phenotype) rather than a value-neutral trait. There is no suitable value-neutral replacement in OBA. See https://github.com/obophenotype/bio-attribute-ontology/issues/456.
http://purl.obolibrary.org/obo/OBA_0004848	owl:Class	true		obsolete meiotic spindle deviation (from_normal)	Reason for obsoletion: this term was built on the obsolete PATO class 'deviation (from_normal)' (PATO:0000069), which describes an abnormality (phenotype) rather than a value-neutral trait. There is no suitable value-neutral replacement in OBA. See https://github.com/obophenotype/bio-attribute-ontology/issues/456.
http://purl.obolibrary.org/obo/OBA_0005181	owl:Class	true		obsolete cervical flexure deviation (from_normal)	Reason for obsoletion: this term was built on the obsolete PATO class 'deviation (from_normal)' (PATO:0000069), which describes an abnormality (phenotype) rather than a value-neutral trait. There is no suitable value-neutral replacement in OBA. See https://github.com/obophenotype/bio-attribute-ontology/issues/456.
