OBA:2020007	level of triacylglycerol (56:6) in blood serum	amount of triacylglycerol 56:6 in blood serum	amount of triacylglycerol (56:6) in blood serum
OBA:2040177	level of ceramide	amount of ceramide in anatomical entity	amount of ceramide
OBA:2040178	level of diglyceride	amount of diglyceride in anatomical entity	amount of diglyceride
OBA:2040179	level of phosphatidylcholine	amount of phosphatidylcholine in anatomical entity	amount of phosphatidylcholine
OBA:2040180	level of phosphatidylethanolamine	amount of phosphatidylethanolamine in anatomical entity	amount of phosphatidylethanolamine
OBA:2040181	level of phosphatidylinositol	amount of phosphatidylinositol in anatomical entity	amount of phosphatidylinositol
OBA:2040182	level of sphingomyelin	amount of sphingomyelin in anatomical entity	amount of sphingomyelin
OBA:2040183	level of triglyceride	amount of triglyceride in anatomical entity	amount of triglyceride
OBA:2040218	level of cyclic nucleotide-gated olfactory channel in blood serum	amount of cyclic nucleotide-gated channel alpha-2 in blood serum	amount of cyclic nucleotide-gated olfactory channel in blood serum
OBA:2040267	level of carcinoembryonic antigen-related cell adhesion molecule 3 in blood serum	amount of cell adhesion molecule CEACAM3 in blood serum	amount of carcinoembryonic antigen-related cell adhesion molecule 3 in blood serum
OBA:2040268	level of carcinoembryonic antigen-related cell adhesion molecule 8 in blood serum	amount of cell adhesion molecule CEACAM8 in blood serum	amount of carcinoembryonic antigen-related cell adhesion molecule 8 in blood serum
OBA:2040282	level of interleukin-16 in blood serum	amount of pro-interleukin-16 in blood serum	amount of interleukin-16 in blood serum
OBA:2040464	level of amiloride-sensitive amine oxidase [copper-containing] in blood serum	amount of diamine oxidase [copper-containing] in blood serum	amount of amiloride-sensitive amine oxidase [copper-containing] in blood serum
OBA:2040554	level of aflatoxin B1 aldehyde reductase member 3 in blood serum	amount of aldo-keto reductase family 7 member A3 in blood serum	amount of aflatoxin B1 aldehyde reductase member 3 in blood serum
OBA:2040560	level of aldehyde dehydrogenase family 1 member A3 in blood serum	amount of retinaldehyde dehydrogenase 3 in blood serum	amount of aldehyde dehydrogenase family 1 member A3 in blood serum
OBA:2040565	level of methylmalonate-semialdehyde dehydrogenase [acylating], mitochondrial in blood serum	amount of methylmalonate-semialdehyde/malonate-semialdehyde dehydrogenase [acylating], mitochondrial in blood serum	amount of methylmalonate-semialdehyde dehydrogenase [acylating], mitochondrial in blood serum
OBA:2040605	level of retina-specific copper amine oxidase in blood serum	amount of amine oxidase [copper-containing] 2 in blood serum	amount of retina-specific copper amine oxidase in blood serum
OBA:2040606	level of membrane primary amine oxidase in blood serum	amount of amine oxidase [copper-containing] 3 in blood serum	amount of membrane primary amine oxidase in blood serum
OBA:2040729	level of ATP synthase F(0) complex subunit B1, mitochondrial in blood serum	amount of ATP synthase peripheral stalk subunit b, mitochondrial in blood serum	amount of ATP synthase F(0) complex subunit B1, mitochondrial in blood serum
OBA:2040730	level of ATP synthase-coupling factor 6, mitochondrial in blood serum	amount of ATP synthase peripheral stalk subunit F6, mitochondrial in blood serum	amount of ATP synthase-coupling factor 6, mitochondrial in blood serum
OBA:2040731	level of ATP synthase subunit f, mitochondrial in blood serum	amount of ATP synthase F(0) complex subunit f, mitochondrial in blood serum	amount of ATP synthase subunit f, mitochondrial in blood serum
OBA:2040732	level of ATP synthase subunit O, mitochondrial in blood serum	amount of ATP synthase peripheral stalk subunit OSCP, mitochondrial in blood serum	amount of ATP synthase subunit O, mitochondrial in blood serum
OBA:2040775	level of brain-specific angiogenesis inhibitor 1-associated protein 2 in blood serum	amount of BAR/IMD domain-containing adapter protein 2 in blood serum	amount of brain-specific angiogenesis inhibitor 1-associated protein 2 in blood serum
OBA:2040788	level of B-cell lymphoma/leukemia 11A in blood serum	amount of BCL11 transcription factor A in blood serum	amount of B-cell lymphoma/leukemia 11A in blood serum
OBA:2040820	level of valacyclovir hydrolase in blood serum	amount of serine hydrolase BPHL in blood serum	amount of valacyclovir hydrolase in blood serum
OBA:2040976	level of carcinoembryonic antigen-related cell adhesion molecule 16 in blood serum	amount of cell adhesion molecule CEACAM16 in blood serum	amount of carcinoembryonic antigen-related cell adhesion molecule 16 in blood serum
OBA:2040977	level of carcinoembryonic antigen-related cell adhesion molecule 19 in blood serum	amount of cell adhesion molecule CEACAM19 in blood serum	amount of carcinoembryonic antigen-related cell adhesion molecule 19 in blood serum
OBA:2040978	level of carcinoembryonic antigen-related cell adhesion molecule 20 in blood serum	amount of cell adhesion molecule CEACAM20 in blood serum	amount of carcinoembryonic antigen-related cell adhesion molecule 20 in blood serum
OBA:2040979	level of carcinoembryonic antigen-related cell adhesion molecule 21 in blood serum	amount of cell adhesion molecule CEACAM21 in blood serum	amount of carcinoembryonic antigen-related cell adhesion molecule 21 in blood serum
OBA:2040980	level of carcinoembryonic antigen-related cell adhesion molecule 4 in blood serum	amount of cell adhesion molecule CEACAM4 in blood serum	amount of carcinoembryonic antigen-related cell adhesion molecule 4 in blood serum
OBA:2040981	level of carcinoembryonic antigen-related cell adhesion molecule 7 in blood serum	amount of cell adhesion molecule CEACAM7 in blood serum	amount of carcinoembryonic antigen-related cell adhesion molecule 7 in blood serum
OBA:2041065	level of cyclic nucleotide-gated cation channel beta-1 in blood serum	amount of cyclic nucleotide-gated channel beta-1 in blood serum	amount of cyclic nucleotide-gated cation channel beta-1 in blood serum
OBA:2041110	level of cytochrome c oxidase subunit 7A-related protein, mitochondrial in blood serum	amount of cytochrome c oxidase subunit 7A2-like, mitochondrial in blood serum	amount of cytochrome c oxidase subunit 7A-related protein, mitochondrial in blood serum
OBA:2041252	level of phospholipase DDHD2 in blood serum	amount of triacylglycerol hydrolase DDHD2 in blood serum	amount of phospholipase DDHD2 in blood serum
OBA:2041320	level of deleted in malignant brain tumors 1 protein in blood serum	amount of scavenger receptor cysteine-rich domain-containing protein DMBT1 in blood serum	amount of deleted in malignant brain tumors 1 protein in blood serum
OBA:2041353	level of dipeptidyl aminopeptidase-like protein 6 in blood serum	amount of A-type potassium channel modulatory protein DPP6 in blood serum	amount of dipeptidyl aminopeptidase-like protein 6 in blood serum
OBA:2041408	level of vesicular, overexpressed in cancer, prosurvival protein 1 in blood serum	amount of WW domain binding protein VOPP1 in blood serum	amount of vesicular, overexpressed in cancer, prosurvival protein 1 in blood serum
OBA:2041440	level of translation initiation factor eIF-2B subunit alpha in blood serum	amount of translation initiation factor eIF2B subunit alpha in blood serum	amount of translation initiation factor eIF-2B subunit alpha in blood serum
OBA:2041480	level of ectonucleotide pyrophosphatase/phosphodiesterase family member 2 in blood serum	amount of autotaxin in blood serum	amount of ectonucleotide pyrophosphatase/phosphodiesterase family member 2 in blood serum
OBA:2041530	level of eyes absent homolog 2 in blood serum	amount of protein phosphatase EYA2 in blood serum	amount of eyes absent homolog 2 in blood serum
OBA:2041543	level of fumarylacetoacetate hydrolase domain-containing protein 1 in blood serum	amount of oxaloacetate tautomerase FAHD1, mitochondrial in blood serum	amount of fumarylacetoacetate hydrolase domain-containing protein 1 in blood serum
OBA:2041544	level of fumarylacetoacetate hydrolase domain-containing protein 2A in blood serum	amount of oxaloacetate tautomerase FAHD2A, mitochondrial in blood serum	amount of fumarylacetoacetate hydrolase domain-containing protein 2A in blood serum
OBA:2041546	level of Fas apoptotic inhibitory molecule 3 in blood serum	amount of immunoglobulin mu Fc receptor in blood serum	amount of Fas apoptotic inhibitory molecule 3 in blood serum
OBA:2041632	level of alpha-(1,3)-fucosyltransferase 10 in blood serum	amount of GDP-fucose protein O-fucosyltransferase 3 in blood serum	amount of alpha-(1,3)-fucosyltransferase 10 in blood serum
OBA:2041633	level of alpha-(1,3)-fucosyltransferase 11 in blood serum	amount of GDP-fucose protein O-fucosyltransferase 4 in blood serum	amount of alpha-(1,3)-fucosyltransferase 11 in blood serum
OBA:2041652	level of growth arrest and DNA damage-inducible proteins-interacting protein 1 in blood serum	amount of large ribosomal subunit protein mL64 in blood serum	amount of growth arrest and DNA damage-inducible proteins-interacting protein 1 in blood serum
OBA:2041750	level of receptor of activated protein C kinase 1 in blood serum	amount of small ribosomal subunit protein RACK1 in blood serum	amount of receptor of activated protein C kinase 1 in blood serum
OBA:2041756	level of glucosamine-6-phosphate isomerase 1 in blood serum	amount of glucosamine-6-phosphate deaminase 1 in blood serum	amount of glucosamine-6-phosphate isomerase 1 in blood serum
OBA:2041830	level of hyaluronan-binding protein 2 in blood serum	amount of factor VII-activating protease in blood serum	amount of hyaluronan-binding protein 2 in blood serum
OBA:2041848	level of histone deacetylase 6 in blood serum	amount of protein deacetylase HDAC6 in blood serum	amount of histone deacetylase 6 in blood serum
OBA:2041856	level of hepatocyte cell adhesion molecule in blood serum	amount of hepatic and glial cell adhesion molecule in blood serum	amount of hepatocyte cell adhesion molecule in blood serum
OBA:2041873	level of HERV-H LTR-associating protein 3 in blood serum	amount of putative uncharacterized protein ANKRD13C-DT in blood serum	amount of HERV-H LTR-associating protein 3 in blood serum
OBA:2041940	level of 17-beta-hydroxysteroid dehydrogenase 14 in blood serum	amount of L-fucose dehydrogenase in blood serum	amount of 17-beta-hydroxysteroid dehydrogenase 14 in blood serum
OBA:2041956	level of oxidoreductase HTATIP2 in blood serum	amount of protein HTATIP2 in blood serum	amount of oxidoreductase HTATIP2 in blood serum
OBA:2042067	level of insulin-like growth factor I in blood serum	amount of insulin-like growth factor 1 in blood serum	amount of insulin-like growth factor I in blood serum
OBA:2042089	level of Kv channel-interacting protein 1 in blood serum	amount of A-type potassium channel modulatory protein KCNIP1 in blood serum	amount of Kv channel-interacting protein 1 in blood serum
OBA:2042282	level of microtubule-associated proteins 1A/1B light chain 3A in blood serum	amount of microtubule-associated protein 1 light chain 3 alpha in blood serum	amount of microtubule-associated proteins 1A/1B light chain 3A in blood serum
OBA:2042283	level of microtubule-associated proteins 1A/1B light chain 3B in blood serum	amount of microtubule-associated protein 1 light chain 3 beta in blood serum	amount of microtubule-associated proteins 1A/1B light chain 3B in blood serum
OBA:2042284	level of microtubule-associated proteins 1A/1B light chain 3 beta 2 in blood serum	amount of microtubule-associated protein 1 light chain 3 beta 2 in blood serum	amount of microtubule-associated proteins 1A/1B light chain 3 beta 2 in blood serum
OBA:2042346	level of tRNA N(3)-methylcytidine methyltransferase METTL2B in blood serum	amount of tRNA N(3)-cytidine methyltransferase METTL2B in blood serum	amount of tRNA N(3)-methylcytidine methyltransferase METTL2B in blood serum
OBA:2042347	level of N6-adenosine-methyltransferase catalytic subunit in blood serum	amount of N(6)-adenosine-methyltransferase catalytic subunit METTL3 in blood serum	amount of N6-adenosine-methyltransferase catalytic subunit in blood serum
OBA:2042421	level of 39S ribosomal protein L1, mitochondrial in blood serum	amount of large ribosomal subunit protein uL1m in blood serum	amount of 39S ribosomal protein L1, mitochondrial in blood serum
OBA:2042422	level of 39S ribosomal protein L10, mitochondrial in blood serum	amount of large ribosomal subunit protein uL10m in blood serum	amount of 39S ribosomal protein L10, mitochondrial in blood serum
OBA:2042423	level of 39S ribosomal protein L12, mitochondrial in blood serum	amount of large ribosomal subunit protein bL12m in blood serum	amount of 39S ribosomal protein L12, mitochondrial in blood serum
OBA:2042424	level of 39S ribosomal protein L14, mitochondrial in blood serum	amount of large ribosomal subunit protein uL14m in blood serum	amount of 39S ribosomal protein L14, mitochondrial in blood serum
OBA:2042425	level of 39S ribosomal protein L2, mitochondrial in blood serum	amount of large ribosomal subunit protein uL2m in blood serum	amount of 39S ribosomal protein L2, mitochondrial in blood serum
OBA:2042426	level of 39S ribosomal protein L21, mitochondrial in blood serum	amount of large ribosomal subunit protein bL21m in blood serum	amount of 39S ribosomal protein L21, mitochondrial in blood serum
OBA:2042427	level of 39S ribosomal protein L28, mitochondrial in blood serum	amount of large ribosomal subunit protein bL28m in blood serum	amount of 39S ribosomal protein L28, mitochondrial in blood serum
OBA:2042428	level of 39S ribosomal protein L32, mitochondrial in blood serum	amount of large ribosomal subunit protein bL32m in blood serum	amount of 39S ribosomal protein L32, mitochondrial in blood serum
OBA:2042429	level of 39S ribosomal protein L33, mitochondrial in blood serum	amount of large ribosomal subunit protein bL33m in blood serum	amount of 39S ribosomal protein L33, mitochondrial in blood serum
OBA:2042430	level of 39S ribosomal protein L34, mitochondrial in blood serum	amount of large ribosomal subunit protein bL34m in blood serum	amount of 39S ribosomal protein L34, mitochondrial in blood serum
OBA:2042431	level of 39S ribosomal protein L38, mitochondrial in blood serum	amount of large ribosomal subunit protein mL38 in blood serum	amount of 39S ribosomal protein L38, mitochondrial in blood serum
OBA:2042432	level of 39S ribosomal protein L52, mitochondrial in blood serum	amount of large ribosomal subunit protein mL52 in blood serum	amount of 39S ribosomal protein L52, mitochondrial in blood serum
OBA:2042433	level of 39S ribosomal protein L55, mitochondrial in blood serum	amount of large ribosomal subunit protein mL55 in blood serum	amount of 39S ribosomal protein L55, mitochondrial in blood serum
OBA:2042434	level of 28S ribosomal protein S14, mitochondrial in blood serum	amount of small ribosomal subunit protein uS14m in blood serum	amount of 28S ribosomal protein S14, mitochondrial in blood serum
OBA:2042452	level of myotubularin-related protein 1 in blood serum	amount of phosphatidylinositol-3-phosphate phosphatase MTMR1 in blood serum	amount of myotubularin-related protein 1 in blood serum
OBA:2042453	level of myotubularin-related protein 6 in blood serum	amount of phosphatidylinositol-3,5-bisphosphate 3-phosphatase MTMR6 in blood serum	amount of myotubularin-related protein 6 in blood serum
OBA:2042454	level of myotubularin-related protein 7 in blood serum	amount of phosphatidylinositol-3-phosphate phosphatase MTMR7 in blood serum	amount of myotubularin-related protein 7 in blood serum
OBA:2042505	level of sialic acid synthase in blood serum	amount of N-acetylneuraminate-9-phosphate synthase in blood serum	amount of sialic acid synthase in blood serum
OBA:2042551	level of NEDD8 protein in blood serum	amount of ubiquitin-like protein NEDD8 in blood serum	amount of NEDD8 protein in blood serum
OBA:2042596	level of nucleoside diphosphate kinase 7 in blood serum	amount of nucleoside diphosphate kinase homolog 7 in blood serum	amount of nucleoside diphosphate kinase 7 in blood serum
OBA:2042604	level of nodal modulator 2 in blood serum	amount of BOS complex subunit NOMO2 in blood serum	amount of nodal modulator 2 in blood serum
OBA:2042607	level of nitric oxide synthase, endothelial in blood serum	amount of nitric oxide synthase 3 in blood serum	amount of nitric oxide synthase, endothelial in blood serum
OBA:2042632	level of nuclear receptor subfamily 4 group A member 1 in blood serum	amount of nuclear receptor subfamily 4 immunity group A member 1 in blood serum	amount of nuclear receptor subfamily 4 group A member 1 in blood serum
OBA:2042810	level of prenylcysteine oxidase-like in blood serum	amount of prenylcysteine oxidase 1-like in blood serum	amount of prenylcysteine oxidase-like in blood serum
OBA:2042820	level of cAMP-specific 3',5'-cyclic phosphodiesterase 4A in blood serum	amount of 3',5'-cyclic-AMP phosphodiesterase 4A in blood serum	amount of cAMP-specific 3',5'-cyclic phosphodiesterase 4A in blood serum
OBA:2042821	level of cAMP-specific 3',5'-cyclic phosphodiesterase 4C in blood serum	amount of 3',5'-cyclic-AMP phosphodiesterase 4C in blood serum	amount of cAMP-specific 3',5'-cyclic phosphodiesterase 4C in blood serum
OBA:2043087	level of phosphotriesterase-related protein in blood serum	amount of N-acetyltaurine hydrolase in blood serum	amount of phosphotriesterase-related protein in blood serum
OBA:2043117	level of transcriptional activator protein Pur-beta in blood serum	amount of transcriptional regulator protein Pur-beta in blood serum	amount of transcriptional activator protein Pur-beta in blood serum
OBA:2043219	level of 2'-deoxynucleoside 5'-phosphate N-hydrolase 1 in blood serum	amount of 5-hydroxymethyl-dUMP N-hydrolase in blood serum	amount of 2'-deoxynucleoside 5'-phosphate N-hydrolase 1 in blood serum
OBA:2043239	level of replication initiator 1 in blood serum	amount of DNA-binding protein REPIN1 in blood serum	amount of replication initiator 1 in blood serum
OBA:2043272	level of synembryn-A in blood serum	amount of chaperone Ric-8A in blood serum	amount of synembryn-A in blood serum
OBA:2043318	level of 60S ribosomal protein L11 in blood serum	amount of eukaryotic-type large ribosomal subunit protein uL5 in blood serum	amount of 60S ribosomal protein L11 in blood serum
OBA:2043319	level of 60S ribosomal protein L12 in blood serum	amount of eukaryotic-type large ribosomal subunit protein uL11 in blood serum	amount of 60S ribosomal protein L12 in blood serum
OBA:2043320	level of 60S ribosomal protein L26-like 1 in blood serum	amount of ribosomal protein uL24-like in blood serum	amount of 60S ribosomal protein L26-like 1 in blood serum
OBA:2043321	level of 60S ribosomal protein L30 in blood serum	amount of large ribosomal subunit protein eL30 in blood serum	amount of 60S ribosomal protein L30 in blood serum
OBA:2043322	level of 60S ribosomal protein L38 in blood serum	amount of large ribosomal subunit protein eL38 in blood serum	amount of 60S ribosomal protein L38 in blood serum
OBA:2043323	level of 60S ribosomal protein L5 in blood serum	amount of eukaryotic-type large ribosomal subunit protein uL18 in blood serum	amount of 60S ribosomal protein L5 in blood serum
OBA:2043324	level of 60S acidic ribosomal protein P2 in blood serum	amount of large ribosomal subunit protein P2 in blood serum	amount of 60S acidic ribosomal protein P2 in blood serum
OBA:2043330	level of 40S ribosomal protein S12 in blood serum	amount of small ribosomal subunit protein eS12 in blood serum	amount of 40S ribosomal protein S12 in blood serum
OBA:2043331	level of 40S ribosomal protein S14 in blood serum	amount of eukaryotic-type small ribosomal subunit protein uS11 in blood serum	amount of 40S ribosomal protein S14 in blood serum
OBA:2043332	level of 40S ribosomal protein S19 in blood serum	amount of small ribosomal subunit protein eS19 in blood serum	amount of 40S ribosomal protein S19 in blood serum
OBA:2043333	level of 40S ribosomal protein S20 in blood serum	amount of eukaryotic-type small ribosomal subunit protein uS10 in blood serum	amount of 40S ribosomal protein S20 in blood serum
OBA:2043334	level of 40S ribosomal protein S25 in blood serum	amount of small ribosomal subunit protein eS25 in blood serum	amount of 40S ribosomal protein S25 in blood serum
OBA:2043335	level of 40S ribosomal protein S3a in blood serum	amount of small ribosomal subunit protein eS1 in blood serum	amount of 40S ribosomal protein S3a in blood serum
OBA:2043336	level of 40S ribosomal protein S4, X isoform in blood serum	amount of small ribosomal subunit protein eS4, X isoform in blood serum	amount of 40S ribosomal protein S4, X isoform in blood serum
OBA:2043337	level of 40S ribosomal protein S5 in blood serum	amount of eukaryotic-type small ribosomal subunit protein uS7 in blood serum	amount of 40S ribosomal protein S5 in blood serum
OBA:2043380	level of GTP-binding protein SAR1a in blood serum	amount of small COPII coat GTPase SAR1A in blood serum	amount of GTP-binding protein SAR1a in blood serum
OBA:2043381	level of GTP-binding protein SAR1b in blood serum	amount of small COPII coat GTPase SAR1B in blood serum	amount of GTP-binding protein SAR1b in blood serum
OBA:2043404	level of sodium channel subunit beta-2 in blood serum	amount of sodium channel regulatory subunit beta-2 in blood serum	amount of sodium channel subunit beta-2 in blood serum
OBA:2043405	level of sodium channel subunit beta-3 in blood serum	amount of sodium channel regulatory subunit beta-3 in blood serum	amount of sodium channel subunit beta-3 in blood serum
OBA:2043406	level of sodium channel subunit beta-4 in blood serum	amount of sodium channel regulatory subunit beta-4 in blood serum	amount of sodium channel subunit beta-4 in blood serum
OBA:2043518	level of spindle and kinetochore-associated protein 1 in blood serum	amount of SKA complex subunit 1 in blood serum	amount of spindle and kinetochore-associated protein 1 in blood serum
OBA:2043535	level of neutral and basic amino acid transport protein rBAT in blood serum	amount of amino acid transporter heavy chain SLC3A1 in blood serum	amount of neutral and basic amino acid transport protein rBAT in blood serum
OBA:2043619	level of ribosome biogenesis protein SPATA5 in blood serum	amount of ATPase family gene 2 protein homolog A in blood serum	amount of ribosome biogenesis protein SPATA5 in blood serum
OBA:2043683	level of sia-alpha-2,3-Gal-beta-1,4-GlcNAc-R:alpha 2,8-sialyltransferase in blood serum	amount of alpha-N-acetylneuraminate alpha-2,8-sialyltransferase ST8SIA3 in blood serum	amount of sia-alpha-2,3-Gal-beta-1,4-GlcNAc-R:alpha 2,8-sialyltransferase in blood serum
OBA:2043861	level of tight junction protein ZO-1 in blood serum	amount of tight junction protein 1 in blood serum	amount of tight junction protein ZO-1 in blood serum
OBA:2043910	level of thiamin pyrophosphokinase 1 in blood serum	amount of thiamine pyrophosphokinase 1 in blood serum	amount of thiamin pyrophosphokinase 1 in blood serum
OBA:2043951	level of protein TSSC4 in blood serum	amount of U5 small nuclear ribonucleoprotein TSSC4 in blood serum	amount of protein TSSC4 in blood serum
OBA:2044024	level of UDP-glucuronosyltransferase 1-6 in blood serum	amount of UDP-glucuronosyltransferase 1A6 in blood serum	amount of UDP-glucuronosyltransferase 1-6 in blood serum
OBA:2044095	level of vascular endothelial growth factor A in blood serum	amount of vascular endothelial growth factor A, long form in blood serum	amount of vascular endothelial growth factor A in blood serum
OBA:2044223	level of ZW10 interactor in blood serum	amount of outer kinetochore KNL1 complex subunit ZWINT in blood serum	amount of ZW10 interactor in blood serum
OBA:2044292	level of protein FAM102B in blood serum	amount of EEIG family member 2 in blood serum	amount of protein FAM102B in blood serum
OBA:2044426	level of cell surface hyaluronidase in blood serum	amount of cell surface hyaluronidase CEMIP2 in blood serum	amount of cell surface hyaluronidase in blood serum
OBA:2044435	level of putative chondrosarcoma-associated gene 1 protein in blood serum	amount of chondrosarcoma-associated gene 1 protein in blood serum	amount of putative chondrosarcoma-associated gene 1 protein in blood serum
OBA:2044456	level of WSC domain-containing protein 2 in blood serum	amount of sialate:O-sulfotransferase 2 in blood serum	amount of WSC domain-containing protein 2 in blood serum
OBA:2044460	level of cotranscriptional regulator FAM172A in blood serum	amount of cotranscriptional regulator ARB2A in blood serum	amount of cotranscriptional regulator FAM172A in blood serum
OBA:2044512	level of adhesion G-protein coupled receptor F2 in blood serum	amount of putative adhesion G protein-coupled receptor F2P in blood serum	amount of adhesion G-protein coupled receptor F2 in blood serum
OBA:2044519	level of probable dimethyladenosine transferase in blood serum	amount of dimethyladenosine transferase in blood serum	amount of probable dimethyladenosine transferase in blood serum
OBA:2044587	level of putative deoxyribonuclease TATDN3 in blood serum	amount of deoxyribonuclease TATDN3 in blood serum	amount of putative deoxyribonuclease TATDN3 in blood serum
OBA:2044693	level of BRCA1-associated ATM activator 1 in blood serum	amount of integrator complex assembly factor BRAT1 in blood serum	amount of BRCA1-associated ATM activator 1 in blood serum
OBA:2044703	level of coiled-coil domain-containing protein 115 in blood serum	amount of vacuolar ATPase assembly protein VMA22 in blood serum	amount of coiled-coil domain-containing protein 115 in blood serum
OBA:2044707	level of coiled-coil domain-containing protein 103 in blood serum	amount of dynein axonemal assembly factor 19 in blood serum	amount of coiled-coil domain-containing protein 103 in blood serum
OBA:2044770	level of acidic leucine-rich nuclear phosphoprotein 32 family member C in blood serum	amount of putative uncharacterized protein ANP32CP in blood serum	amount of acidic leucine-rich nuclear phosphoprotein 32 family member C in blood serum
OBA:2044818	level of protein Frey in blood serum	amount of protein Frey 1 in blood serum	amount of protein Frey in blood serum
OBA:2044826	level of HUWE1-associated protein modifying stress responses in blood serum	amount of HUWE1-associated protein modifying stress responses 1 in blood serum	amount of HUWE1-associated protein modifying stress responses in blood serum
OBA:2044828	level of UPF0692 protein C19orf54 in blood serum	amount of actin maturation protease in blood serum	amount of UPF0692 protein C19orf54 in blood serum
OBA:2044842	level of uncharacterized protein C2orf73 in blood serum	amount of ciliary microtubule inner protein 6 in blood serum	amount of uncharacterized protein C2orf73 in blood serum
OBA:2044887	level of uncharacterized protein C19orf84 in blood serum	amount of piRNA-mediated silencing protein C19orf84 in blood serum	amount of uncharacterized protein C19orf84 in blood serum
OBA:2044911	level of chromatin complexes subunit BAP18 (human) in blood serum	amount of BPTF-associated chromatin complex component 1 (human) in blood serum	amount of chromatin complexes subunit BAP18 (human) in blood serum
OBA:2044927	level of DNA-(apurinic or apyrimidinic site) endonuclease in blood serum	amount of DNA repair nuclease/redox regulator APEX1 in blood serum	amount of DNA-(apurinic or apyrimidinic site) endonuclease in blood serum
OBA:2044990	level of nodal modulator 1 in blood serum	amount of BOS complex subunit NOMO1 in blood serum	amount of nodal modulator 1 in blood serum
OBA:2045061	level of Phosphatidylcholine (14:0_16:0) in blood serum	amount of phosphatidylcholine 14:0_16:0 in blood serum	amount of Phosphatidylcholine (14:0_16:0) in blood serum
OBA:2045062	level of Phosphatidylcholine (14:0_18:1) in blood serum	amount of PC(14:0_18:1) in blood serum	amount of Phosphatidylcholine (14:0_18:1) in blood serum
OBA:2045065	level of Phosphatidylcholine (15:0_18:2) in blood serum	amount of PC(15:0_18:2) in blood serum	amount of Phosphatidylcholine (15:0_18:2) in blood serum
OBA:2045067	level of Phosphatidylcholine (16:0_16:0) in blood serum	amount of phosphatidylcholine 16:0_16:0 in blood serum	amount of Phosphatidylcholine (16:0_16:0) in blood serum
OBA:2045068	level of Phosphatidylcholine (16:0_16:1) in blood serum	amount of PC(16:0_16:1) in blood serum	amount of Phosphatidylcholine (16:0_16:1) in blood serum
OBA:2045069	level of Phosphatidylcholine (16:0_18:0) in blood serum	amount of phosphatidylcholine 16:0_18:0 in blood serum	amount of Phosphatidylcholine (16:0_18:0) in blood serum
OBA:2045070	level of Phosphatidylcholine (16:0_18:1) in blood serum	amount of PC(16:0_18:1) in blood serum	amount of Phosphatidylcholine (16:0_18:1) in blood serum
OBA:2045076	level of Phosphatidylcholine (16:0_20:4) in blood serum	amount of PC(16:0_20:4) in blood serum	amount of Phosphatidylcholine (16:0_20:4) in blood serum
OBA:2045078	level of Phosphatidylcholine (16:0_22:4) in blood serum	amount of PC(16:0_22:4) in blood serum	amount of Phosphatidylcholine (16:0_22:4) in blood serum
OBA:2045082	level of Phosphatidylcholine (16:1_18:1) in blood serum	amount of PC(16:1_18:1) in blood serum	amount of Phosphatidylcholine (16:1_18:1) in blood serum
OBA:2045085	level of Phosphatidylcholine (17:0_18:1) in blood serum	amount of PC(17:0_18:1) in blood serum	amount of Phosphatidylcholine (17:0_18:1) in blood serum
OBA:2045086	level of Phosphatidylcholine (17:0_18:2) in blood serum	amount of PC(17:0_18:2) in blood serum	amount of Phosphatidylcholine (17:0_18:2) in blood serum
OBA:2045087	level of Phosphatidylcholine (17:0_20:4) in blood serum	amount of PC(17:0_20:4) in blood serum	amount of Phosphatidylcholine (17:0_20:4) in blood serum
OBA:2045089	level of Phosphatidylcholine (18:0_18:1) in blood serum	amount of PC(18:0_18:1) in blood serum	amount of Phosphatidylcholine (18:0_18:1) in blood serum
OBA:2045094	level of Phosphatidylcholine (18:0_20:4) in blood serum	amount of PC(18:0_20:4) in blood serum	amount of Phosphatidylcholine (18:0_20:4) in blood serum
OBA:2045099	level of Phosphatidylcholine (18:1_18:1) in blood serum	amount of PC(18:1_18:1) in blood serum	amount of Phosphatidylcholine (18:1_18:1) in blood serum
OBA:2045104	level of Phosphatidylcholine (18:1_20:4) in blood serum	amount of PC(18:1_20:4) in blood serum	amount of Phosphatidylcholine (18:1_20:4) in blood serum
OBA:2045112	level of Phosphatidylcholine (O-16:0_16:1) in blood serum	amount of phosphatidylcholine O-16:0_16:1 in blood serum	amount of Phosphatidylcholine (O-16:0_16:1) in blood serum
OBA:2045116	level of Phosphatidylcholine (O-16:0_20:4) in blood serum	amount of phosphatidylcholine O-16:0_20:4 in blood serum	amount of Phosphatidylcholine (O-16:0_20:4) in blood serum
OBA:2045120	level of Phosphatidylcholine (O-16:1_18:1) in blood serum	amount of phosphatidylcholine O-16:1_18:1 in blood serum	amount of Phosphatidylcholine (O-16:1_18:1) in blood serum
OBA:2045128	level of Phosphatidylcholine (O-18:1_16:0) in blood serum	amount of phosphatidylcholine O-18:1_16:0 in blood serum	amount of Phosphatidylcholine (O-18:1_16:0) in blood serum
OBA:2045137	level of Phosphatidylethanolamine (16:0_20:4) in blood serum	amount of PE(16:0_20:4) in blood serum	amount of Phosphatidylethanolamine (16:0_20:4) in blood serum
OBA:2045140	level of Phosphatidylethanolamine (18:0_20:4) in blood serum	amount of PE(18:0_20:4) in blood serum	amount of Phosphatidylethanolamine (18:0_20:4) in blood serum
OBA:2045142	level of Phosphatidylethanolamine (18:1_18:1) in blood serum	amount of PE(18:1_18:1) in blood serum	amount of Phosphatidylethanolamine (18:1_18:1) in blood serum
OBA:2045144	level of Phosphatidylethanolamine (O-16:1_18:2) in blood serum	amount of phosphatidylethanolamine O-16:1_18:2 in blood serum	amount of Phosphatidylethanolamine (O-16:1_18:2) in blood serum
OBA:2045145	level of Phosphatidylethanolamine (O-16:1_20:4) in blood serum	amount of phosphatidylethanolamine O-16:1_20:4 in blood serum	amount of Phosphatidylethanolamine (O-16:1_20:4) in blood serum
OBA:2045148	level of Phosphatidylethanolamine (O-18:1_20:4) in blood serum	amount of phosphatidylethanolamine O-18:1_20:4 in blood serum	amount of Phosphatidylethanolamine (O-18:1_20:4) in blood serum
OBA:2045150	level of Phosphatidylethanolamine (O-18:2_18:2) in blood serum	amount of phosphatidylethanolamine O-18:2_18:2 in blood serum	amount of Phosphatidylethanolamine (O-18:2_18:2) in blood serum
OBA:2045151	level of Phosphatidylethanolamine (O-18:2_20:4) in blood serum	amount of phosphatidylethanolamine O-18:2_20:4 in blood serum	amount of Phosphatidylethanolamine (O-18:2_20:4) in blood serum
OBA:2045152	level of Phosphatidylinositol (16:0_18:1) in blood serum	amount of phosphatidylinositol 16:0_18:1 in blood serum	amount of Phosphatidylinositol (16:0_18:1) in blood serum
OBA:2045154	level of Phosphatidylinositol (16:0_20:4) in blood serum	amount of PI(16:0_20:4) in blood serum	amount of Phosphatidylinositol (16:0_20:4) in blood serum
OBA:2045155	level of Phosphatidylinositol (18:0_18:1) in blood serum	amount of PI(18:0_18:1) in blood serum	amount of Phosphatidylinositol (18:0_18:1) in blood serum
OBA:2045157	level of Phosphatidylinositol (18:0_20:3) in blood serum	amount of PI(18:0_20:3) in blood serum	amount of Phosphatidylinositol (18:0_20:3) in blood serum
OBA:2045158	level of Phosphatidylinositol (18:0_20:4) in blood serum	amount of PI(18:0_20:4) in blood serum	amount of Phosphatidylinositol (18:0_20:4) in blood serum
OBA:2045162	level of Triacylglycerol (49:2) in blood serum	amount of triacylglycerol 49:2 in blood serum	amount of Triacylglycerol (49:2) in blood serum
OBA:2045163	level of Triacylglycerol (51:3) in blood serum	amount of triacylglycerol 51:3 in blood serum	amount of Triacylglycerol (51:3) in blood serum
OBA:2045164	level of Triacylglycerol (51:4) in blood serum	amount of triacylglycerol 51:4 in blood serum	amount of Triacylglycerol (51:4) in blood serum
OBA:2045165	level of Triacylglycerol (53:3) in blood serum	amount of triacylglycerol 53:3 in blood serum	amount of Triacylglycerol (53:3) in blood serum
OBA:2045166	level of Triacylglycerol (53:4) in blood serum	amount of triacylglycerol 53:4 in blood serum	amount of Triacylglycerol (53:4) in blood serum
OBA:2045184	level of Ceramide (d40:2) in blood serum	amount of Cer(d40:2) in blood serum	amount of Ceramide (d40:2) in blood serum
OBA:2045185	level of Ceramide (d40:1) in blood serum	amount of Cer(d40:1) in blood serum	amount of Ceramide (d40:1) in blood serum
OBA:2045186	level of Ceramide (d42:2) in blood serum	amount of Cer(d42:2) in blood serum	amount of Ceramide (d42:2) in blood serum
OBA:2045187	level of Ceramide (d42:1) in blood serum	amount of Cer(d42:1) in blood serum	amount of Ceramide (d42:1) in blood serum
OBA:2045202	level of 26,26,26,27,27,27-hexafluoro-25-hydroxy-16,17,23,23,24,24-hexadehydrovitamin D3 in blood serum	amount of (5z7e)-(3s)-262626272727-hexafluoro-910-seco-5710(19)16-cholestatetraen-23-yne-325-diol in blood serum	amount of 26,26,26,27,27,27-hexafluoro-25-hydroxy-16,17,23,23,24,24-hexadehydrovitamin D3 in blood serum
OBA:2045203	level of Cyanidin 3,5-diglucoside (6'',6'''-malyl diester) in blood serum	amount of cyanidin 35-diglucoside (66-malyl diester) in blood serum	amount of Cyanidin 3,5-diglucoside (6'',6'''-malyl diester) in blood serum
OBA:2045204	level of Cer(m18:1(4E)/24:1(15Z)) in blood serum	amount of n-(15z-tetracosenoyl)-1-deoxysphing-4-enine in blood serum	amount of Cer(m18:1(4E)/24:1(15Z)) in blood serum
OBA:2045206	level of serum globulin type protein	amount of globulin type in blood serum	amount of serum globulin type protein
OBA:2045207	level of serum albumin type protein	amount of albumin type in blood serum	amount of serum albumin type protein
OBA:2045394	level of aspartate aminotransferase, cytoplasmic type in blood serum	amount of aspartate aminotransferase, cytoplasmic in blood serum	amount of aspartate aminotransferase, cytoplasmic type in blood serum
OBA:2045400	level of aspartate aminotransferase, cytoplasmic type	amount of aspartate aminotransferase, cytoplasmic in anatomical entity	amount of aspartate aminotransferase, cytoplasmic type
OBA:2045401	level of aspartate aminotransferase, mitochondrial type	amount of aspartate aminotransferase, mitochondrial in anatomical entity	amount of aspartate aminotransferase, mitochondrial type
OBA:2050336	level of T-cell differentiation antigen CD6 in blood plasma	amount of T-cell differentiation antigen CD6 (human) in blood plasma	amount of T-cell differentiation antigen CD6 in blood plasma
OBA:2050339	level of 14,15-dihydroxyeicosa-5,8,11-trienoic acid in blood plasma	amount of (5Z,8Z,11Z)-14,15-dihydroxyicosatrienoic acid in blood plasma	amount of 14,15-dihydroxyeicosa-5,8,11-trienoic acid in blood plasma
OBA:2050340	level of 11,12-dihydroxyicosa-5,8,14-trienoic acid in blood plasma	amount of (5Z,8Z,14Z)-11,12-dihydroxyicosatrienoic acid in blood plasma	amount of 11,12-dihydroxyicosa-5,8,14-trienoic acid in blood plasma
OBA:2050341	level of 12-hydroxy-5,8,10,14-eicosatetraenoic acid in blood plasma	amount of 12(S)-HETE in blood plasma	amount of 12-hydroxy-5,8,10,14-eicosatetraenoic acid in blood plasma
OBA:2050342	level of 5-hydroxy-6,8,11,14-eicosatetraenoic acid in blood plasma	amount of 5-HETE in blood plasma	amount of 5-hydroxy-6,8,11,14-eicosatetraenoic acid in blood plasma
OBA:2050343	level of 11-hydroxy-arachidonic acid in blood plasma	amount of 11-HETE in blood plasma	amount of 11-hydroxy-arachidonic acid in blood plasma
OBA:2050344	level of 9,10-dihydroxyoctadeca-12,15-dienoic acid in blood plasma	amount of 9,10-DiHODE in blood plasma	amount of 9,10-dihydroxyoctadeca-12,15-dienoic acid in blood plasma
OBA:2050345	level of 9,10-dihydroxyoctadec-12-enoic acid in blood plasma	amount of 9,10-DiHOME in blood plasma	amount of 9,10-dihydroxyoctadec-12-enoic acid in blood plasma
OBA:2050346	level of 9-hydroxylinoleic acid in blood plasma	amount of 9-HODE in blood plasma	amount of 9-hydroxylinoleic acid in blood plasma
OBA:2050347	level of 13-hydroxyoctadecadienoic acid in blood plasma	amount of 13(S)-HODE in blood plasma	amount of 13-hydroxyoctadecadienoic acid in blood plasma
OBA:2050348	level of 12,13-dihydroxyoctadec-9-enoic acid in blood plasma	amount of 12,13-DiHOME in blood plasma	amount of 12,13-dihydroxyoctadec-9-enoic acid in blood plasma
OBA:2050434	level of carcinoembryonic antigen-related cell adhesion molecule 3 in blood	amount of cell adhesion molecule CEACAM3 in blood	amount of carcinoembryonic antigen-related cell adhesion molecule 3 in blood
OBA:2050435	level of carcinoembryonic antigen-related cell adhesion molecule 8 in blood	amount of cell adhesion molecule CEACAM8 in blood	amount of carcinoembryonic antigen-related cell adhesion molecule 8 in blood
OBA:2050466	level of amiloride-sensitive amine oxidase [copper-containing] in blood	amount of diamine oxidase [copper-containing] in blood	amount of amiloride-sensitive amine oxidase [copper-containing] in blood
OBA:2050499	level of membrane primary amine oxidase in blood	amount of amine oxidase [copper-containing] 3 in blood	amount of membrane primary amine oxidase in blood
OBA:2050529	level of brain-specific angiogenesis inhibitor 1-associated protein 2 in blood	amount of BAR/IMD domain-containing adapter protein 2 in blood	amount of brain-specific angiogenesis inhibitor 1-associated protein 2 in blood
OBA:2050553	level of carcinoembryonic antigen-related cell adhesion molecule 16 in blood	amount of cell adhesion molecule CEACAM16 in blood	amount of carcinoembryonic antigen-related cell adhesion molecule 16 in blood
OBA:2050554	level of carcinoembryonic antigen-related cell adhesion molecule 19 in blood	amount of cell adhesion molecule CEACAM19 in blood	amount of carcinoembryonic antigen-related cell adhesion molecule 19 in blood
OBA:2050555	level of carcinoembryonic antigen-related cell adhesion molecule 20 in blood	amount of cell adhesion molecule CEACAM20 in blood	amount of carcinoembryonic antigen-related cell adhesion molecule 20 in blood
OBA:2050568	level of cyclic nucleotide-gated cation channel beta-1 in blood	amount of cyclic nucleotide-gated channel beta-1 in blood	amount of cyclic nucleotide-gated cation channel beta-1 in blood
OBA:2050590	level of phospholipase DDHD2 in blood	amount of triacylglycerol hydrolase DDHD2 in blood	amount of phospholipase DDHD2 in blood
OBA:2050600	level of dipeptidyl aminopeptidase-like protein 6 in blood	amount of A-type potassium channel modulatory protein DPP6 in blood	amount of dipeptidyl aminopeptidase-like protein 6 in blood
OBA:2050743	level of microtubule-associated proteins 1A/1B light chain 3A in blood	amount of microtubule-associated protein 1 light chain 3 alpha in blood	amount of microtubule-associated proteins 1A/1B light chain 3A in blood
OBA:2050744	level of microtubule-associated proteins 1A/1B light chain 3 beta 2 in blood	amount of microtubule-associated protein 1 light chain 3 beta 2 in blood	amount of microtubule-associated proteins 1A/1B light chain 3 beta 2 in blood
OBA:2050783	level of nitric oxide synthase, endothelial in blood	amount of nitric oxide synthase 3 in blood	amount of nitric oxide synthase, endothelial in blood
OBA:2050869	level of 2'-deoxynucleoside 5'-phosphate N-hydrolase 1 in blood	amount of 5-hydroxymethyl-dUMP N-hydrolase in blood	amount of 2'-deoxynucleoside 5'-phosphate N-hydrolase 1 in blood
OBA:2051026	level of cell surface hyaluronidase in blood	amount of cell surface hyaluronidase CEMIP2 in blood	amount of cell surface hyaluronidase in blood
OBA:2051029	level of cotranscriptional regulator FAM172A in blood	amount of cotranscriptional regulator ARB2A in blood	amount of cotranscriptional regulator FAM172A in blood
OBA:2051069	level of chromatin complexes subunit BAP18 (human) in blood	amount of BPTF-associated chromatin complex component 1 (human) in blood	amount of chromatin complexes subunit BAP18 (human) in blood
OBA:2051075	level of nodal modulator 1 in blood	amount of BOS complex subunit NOMO1 in blood	amount of nodal modulator 1 in blood
OBA:2051086	level of T-cell differentiation antigen CD6 in blood	amount of T-cell differentiation antigen CD6 (human) in blood	amount of T-cell differentiation antigen CD6 in blood
OBA:2051089	level of carcinoembryonic antigen-related cell adhesion molecule 5 in blood	amount of cell adhesion molecule CEACAM5 in blood	amount of carcinoembryonic antigen-related cell adhesion molecule 5 in blood
OBA:2051098	level of pancreatic prohormone in blood	amount of pancreatic polypeptide prohormone in blood	amount of pancreatic prohormone in blood
OBA:2051126	level of cyclic nucleotide-gated cation channel beta-3 in blood	amount of cyclic nucleotide-gated channel beta-3 in blood	amount of cyclic nucleotide-gated cation channel beta-3 in blood
OBA:2051128	level of voltage-gated potassium channel KCNH2 in blood	amount of voltage-gated inwardly rectifying potassium channel KCNH2 in blood	amount of voltage-gated potassium channel KCNH2 in blood
OBA:2051141	level of carcinoembryonic antigen-related cell adhesion molecule 1 in blood	amount of cell adhesion molecule CEACAM1 in blood	amount of carcinoembryonic antigen-related cell adhesion molecule 1 in blood
OBA:2051142	level of carcinoembryonic antigen-related cell adhesion molecule 6 in blood	amount of cell adhesion molecule CEACAM6 in blood	amount of carcinoembryonic antigen-related cell adhesion molecule 6 in blood
OBA:2051221	level of DNA-(apurinic or apyrimidinic site) endonuclease in blood	amount of DNA repair nuclease/redox regulator APEX1 in blood	amount of DNA-(apurinic or apyrimidinic site) endonuclease in blood
OBA:2051240	level of ATP synthase subunit delta, mitochondrial in blood	amount of ATP synthase F(1) complex subunit delta, mitochondrial in blood	amount of ATP synthase subunit delta, mitochondrial in blood
OBA:2051293	level of carcinoembryonic antigen-related cell adhesion molecule 18 in blood	amount of cell adhesion molecule CEACAM18 in blood	amount of carcinoembryonic antigen-related cell adhesion molecule 18 in blood
OBA:2051298	level of centromere protein J in blood	amount of centrosomal P4.1-associated protein in blood	amount of centromere protein J in blood
OBA:2051446	level of glucosamine-6-phosphate isomerase 2 in blood	amount of glucosamine-6-phosphate deaminase 2 in blood	amount of glucosamine-6-phosphate isomerase 2 in blood
OBA:2051517	level of phospholipase A2 group XV in blood	amount of lysosomal phospholipase A and acyltransferase in blood	amount of phospholipase A2 group XV in blood
OBA:2051645	level of prolactin regulatory element-binding protein in blood	amount of guanine nucleotide-exchange factor SEC12 in blood	amount of prolactin regulatory element-binding protein in blood
OBA:2051859	level of interferon-induced protein with tetratricopeptide repeats 1 in blood	amount of antiviral innate immune response effector IFIT1 in blood	amount of interferon-induced protein with tetratricopeptide repeats 1 in blood
OBA:2051864	level of probable global transcription activator SNF2L2 in blood	amount of SWI/SNF-related matrix-associated actin-dependent regulator of chromatin subfamily A member 2 in blood	amount of probable global transcription activator SNF2L2 in blood
OBA:2051877	level of putative tyrosine-protein phosphatase auxilin in blood	amount of auxilin in blood	amount of putative tyrosine-protein phosphatase auxilin in blood
OBA:2051952	level of uncharacterized protein C7orf50 in blood	amount of protein cholesin in blood	amount of uncharacterized protein C7orf50 in blood
OBA:2055794	level of dihydroxyeicosatrienoic acid in blood	amount of DHET in blood	amount of dihydroxyeicosatrienoic acid in blood
OBA:2056469	level of aflatoxin B1 aldehyde reductase member 3 (human) in cerebrospinal fluid	amount of aldo-keto reductase family 7 member A3 (human) in cerebrospinal fluid	amount of aflatoxin B1 aldehyde reductase member 3 (human) in cerebrospinal fluid
OBA:2056807	level of ATP synthase subunit beta, mitochondrial (human) in cerebrospinal fluid	amount of ATP synthase F(1) complex subunit beta, mitochondrial (human) in cerebrospinal fluid	amount of ATP synthase subunit beta, mitochondrial (human) in cerebrospinal fluid
OBA:2057295	level of ATP synthase-coupling factor 6, mitochondrial (human) in cerebrospinal fluid	amount of ATP synthase peripheral stalk subunit F6, mitochondrial (human) in cerebrospinal fluid	amount of ATP synthase-coupling factor 6, mitochondrial (human) in cerebrospinal fluid
OBA:2057473	level of ATP synthase F(0) complex subunit B1, mitochondrial (human) in cerebrospinal fluid	amount of ATP synthase peripheral stalk subunit b, mitochondrial (human) in cerebrospinal fluid	amount of ATP synthase F(0) complex subunit B1, mitochondrial (human) in cerebrospinal fluid
OBA:2057911	level of ATP synthase subunit O, mitochondrial (human) in cerebrospinal fluid	amount of ATP synthase peripheral stalk subunit OSCP, mitochondrial (human) in cerebrospinal fluid	amount of ATP synthase subunit O, mitochondrial (human) in cerebrospinal fluid
OBA:2058187	level of ATP synthase subunit f, mitochondrial (human) in cerebrospinal fluid	amount of ATP synthase F(0) complex subunit f, mitochondrial (human) in cerebrospinal fluid	amount of ATP synthase subunit f, mitochondrial (human) in cerebrospinal fluid
OBA:2058494	level of hepatocyte growth factor activator (human) in cerebrospinal fluid	amount of hepatocyte growth factor activator serine protease (human) in cerebrospinal fluid	amount of hepatocyte growth factor activator (human) in cerebrospinal fluid
OBA:2058809	level of hyaluronan-binding protein 2 (human) in cerebrospinal fluid	amount of factor VII-activating protease (human) in cerebrospinal fluid	amount of hyaluronan-binding protein 2 (human) in cerebrospinal fluid
OBA:2058943	level of ovarian cancer G-protein coupled receptor 1 (human) in cerebrospinal fluid	amount of G-protein coupled receptor 68 (human) in cerebrospinal fluid	amount of ovarian cancer G-protein coupled receptor 1 (human) in cerebrospinal fluid
OBA:2059046	level of putative deoxyribonuclease TATDN3 (human) in cerebrospinal fluid	amount of deoxyribonuclease TATDN3 (human) in cerebrospinal fluid	amount of putative deoxyribonuclease TATDN3 (human) in cerebrospinal fluid
OBA:2059093	level of alpha-(1,3)-fucosyltransferase 11 (human) in cerebrospinal fluid	amount of GDP-fucose protein O-fucosyltransferase 4 (human) in cerebrospinal fluid	amount of alpha-(1,3)-fucosyltransferase 11 (human) in cerebrospinal fluid
OBA:2059157	level of putative KHDC1-like protein (human) in cerebrospinal fluid	amount of KHDC1-like protein (human) in cerebrospinal fluid	amount of putative KHDC1-like protein (human) in cerebrospinal fluid
OBA:2059334	level of alpha-(1,3)-fucosyltransferase 10 (human) in cerebrospinal fluid	amount of GDP-fucose protein O-fucosyltransferase 3 (human) in cerebrospinal fluid	amount of alpha-(1,3)-fucosyltransferase 10 (human) in cerebrospinal fluid
OBA:2059356	level of BRCA1-associated ATM activator 1 (human) in cerebrospinal fluid	amount of integrator complex assembly factor BRAT1 (human) in cerebrospinal fluid	amount of BRCA1-associated ATM activator 1 (human) in cerebrospinal fluid
OBA:2059602	level of valacyclovir hydrolase (human) in cerebrospinal fluid	amount of serine hydrolase BPHL (human) in cerebrospinal fluid	amount of valacyclovir hydrolase (human) in cerebrospinal fluid
OBA:2080101	level of reticulon-4-interacting protein 1, mitochondrial (human) in cerebrospinal fluid	amount of NAD(P)H oxidoreductase RTN4IP1, mitochondrial (human) in cerebrospinal fluid	amount of reticulon-4-interacting protein 1, mitochondrial (human) in cerebrospinal fluid
OBA:2080509	level of coiled-coil domain-containing protein 115 (human) in cerebrospinal fluid	amount of vacuolar ATPase assembly protein VMA22 (human) in cerebrospinal fluid	amount of coiled-coil domain-containing protein 115 (human) in cerebrospinal fluid
OBA:2080621	level of 5-demethoxyubiquinone hydroxylase, mitochondrial (human) in cerebrospinal fluid	amount of NADPH-dependent 3-demethoxyubiquinone 3-hydroxylase, mitochondrial (human) in cerebrospinal fluid	amount of 5-demethoxyubiquinone hydroxylase, mitochondrial (human) in cerebrospinal fluid
OBA:2080728	level of oxidoreductase HTATIP2 (human) in cerebrospinal fluid	amount of protein HTATIP2 (human) in cerebrospinal fluid	amount of oxidoreductase HTATIP2 (human) in cerebrospinal fluid
OBA:2080901	level of B-cell lymphoma/leukemia 11A (human) in cerebrospinal fluid	amount of BCL11 transcription factor A (human) in cerebrospinal fluid	amount of B-cell lymphoma/leukemia 11A (human) in cerebrospinal fluid
OBA:2081443	level of histone deacetylase 6 (human) in cerebrospinal fluid	amount of protein deacetylase HDAC6 (human) in cerebrospinal fluid	amount of histone deacetylase 6 (human) in cerebrospinal fluid
OBA:2081845	level of methyltransferase N6AMT1 (human) in cerebrospinal fluid	amount of methyltransferase HEMK2 (human) in cerebrospinal fluid	amount of methyltransferase N6AMT1 (human) in cerebrospinal fluid
OBA:2090002	level of anti-Helicobacter pylori IgG in blood	IgG immunoglobulin complex amount in blood in response to Helicobacter pylori	amount of anti-Helicobacter pylori IgG in blood
